Week,StoreNum,Category,Sales,Units , profit,week no,Year
201649,57,2,679064.37,12885,248695.0438,49,2016
201649,57,1,1268409.6,23766,380203.0771,49,2016
201649,57,5,94744.94,4205,34604.2306,49,2016
201649,57,35,1446.67,87,188.0671,49,2016
201649,57,7,1475152.07,24952,581748.4376,49,2016
201649,57,4,1319620.85,28040,377372.1885,49,2016
201649,57,8,140694.84,3763,49703.6354,49,2016
201649,57,50,0.22,2,-13.1,49,2016
201649,57,36,78531.05,721,20079.0456,49,2016
201649,57,3,202877.82,5312,70064.5531,49,2016
201650,57,36,64053.33,566,16108.8844,50,2016
201650,57,8,166213.9,4469,40315.6098,50,2016
201650,57,1,1694048.6,27463,527470.6244,50,2016
201650,57,7,1499581.95,27969,589471.2752,50,2016
201650,57,3,209552.63,5145,77517.4804,50,2016
201650,57,2,744474.92,12690,250239.5025,50,2016
201650,57,50,22.71,564,2.98,50,2016
201650,57,35,1438.69,91,187.0297,50,2016
201650,57,5,125868.5,4905,40538.1345,50,2016
201650,57,4,1821838.87,31049,425403.158,50,2016
201651,57,8,156830.82,3802,51440.3899,51,2016
201651,57,50,38.25,951,-95.15,51,2016
201651,57,7,1510468.44,26794,570692.0434,51,2016
201651,57,1,1194060.38,17978,458002.2011,51,2016
201651,57,5,140330.13,6026,44093.1957,51,2016
201651,57,4,1763096.51,30466,369892.4019,51,2016
201651,57,2,723470.42,13329,228515.0112,51,2016
201651,57,35,995.47,41,129.4111,51,2016
201651,57,3,215066.39,5899,81882.4866,51,2016
201651,57,36,54291.42,506,13809.0101,51,2016
201652,57,8,117447.6,2795,45350.2027,52,2016
201652,57,35,918.46,40,119.3998,52,2016
201652,57,50,0.11,1,-7.34,52,2016
201652,57,36,53794.54,516,14148.9588,52,2016
201652,57,2,735961.49,14755,226615.8492,52,2016
201652,57,7,1564458.78,23960,544593.8133,52,2016
201652,57,3,197127.74,5025,73123.4477,52,2016
201652,57,4,1193040.04,20207,283831.4376,52,2016
201652,57,5,145451.69,6525,35714.6109,52,2016
201652,57,1,1428531.17,21051,567842.5566,52,2016
201701,57,2,597661.77,11549,195339.7742,1,2017
201701,57,3,190657.83,6918,71603.1925,1,2017
201701,57,1,1421689.89,26931,415688.8144,1,2017
201701,57,7,1049820.02,16111,380205.5076,1,2017
201701,57,5,133286.57,6397,31668.3128,1,2017
201701,57,50,0.04,1,-11.28,1,2017
201701,57,4,1302991.39,23392,287412.5861,1,2017
201701,57,8,128889.25,2890,52372.8596,1,2017
201701,57,36,66323.41,567,17519.8486,1,2017
201701,57,35,712.78,28,92.6614,1,2017
201702,57,35,555.2,15,72.176,2,2017
201702,57,5,176989.38,8943,39402.4214,2,2017
201702,57,1,1346829.41,19677,554528.3057,2,2017
201702,57,2,679756.71,14105,213458.8054,2,2017
201702,57,7,943338.94,14739,376763.3911,2,2017
201702,57,50,0,1,-4.2,2,2017
201702,57,4,2058275.18,36875,579511.2075,2,2017
201702,57,36,78103.74,753,20549.9147,2,2017
201702,57,3,300124.09,9485,107658.1483,2,2017
201702,57,8,137681.39,3325,60228.673,2,2017
201703,57,36,64416.1,649,16326.7175,3,2017
201703,57,8,136433.35,3041,61379.8209,3,2017
201703,57,1,1603309.09,23977,603891.9731,3,2017
201703,57,2,696666.07,15325,183536.3016,3,2017
201703,57,5,160291.32,8359,22758.0417,3,2017
201703,57,4,1164303.06,21193,383388.2952,3,2017
201703,57,7,1152468.16,19831,377593.5448,3,2017
201703,57,35,349.45,12,45.4285,3,2017
201703,57,3,276085.3,8454,101423.1995,3,2017
201704,57,7,1239835.06,22565,478280.6324,4,2017
201704,57,50,0.03,-1,0.04,4,2017
201704,57,1,1869986.68,33488,522851.0501,4,2017
201704,57,8,152987.37,3601,67787.22,4,2017
201704,57,35,876.55,32,113.9515,4,2017
201704,57,36,41900.86,487,10733.4977,4,2017
201704,57,2,1050814.04,29236,151017.308,4,2017
201704,57,3,323798.93,11202,125306.1477,4,2017
201704,57,4,1167834.29,25880,384193.4693,4,2017
201704,57,5,145603.2,7038,33613.4879,4,2017
201705,57,35,643.2,23,83.616,5,2017
201705,57,1,1622174.85,22904,676077.2907,5,2017
201705,57,5,236901.54,11359,75592.4403,5,2017
201705,57,4,1327425.7,24569,445814.891,5,2017
201705,57,3,283317.65,9453,111380.1716,5,2017
201705,57,8,233058.86,5227,120503.216,5,2017
201705,57,36,50460.24,485,12861.8567,5,2017
201705,57,50,0,1,-7.45,5,2017
201705,57,7,1219461.76,18246,491721.3447,5,2017
201705,57,2,754628.53,13974,268212.0529,5,2017
201706,57,35,741.2,20,96.356,6,2017
201706,57,5,207130.54,9805,58156.3157,6,2017
201706,57,7,1180603.77,20783,461431.2046,6,2017
201706,57,2,1025052.16,17784,367286.2039,6,2017
201706,57,1,2088001.99,30677,821381.1404,6,2017
201706,57,8,297376.48,7152,141358.5239,6,2017
201706,57,3,377462.67,14059,136795.9686,6,2017
201706,57,50,0.11,1,-6.55,6,2017
201706,57,36,60001.57,539,15338.2857,6,2017
201706,57,4,1681110.9,30660,524237.1598,6,2017
201707,57,5,153525.39,6491,51758.3344,7,2017
201707,57,35,470.4,21,61.152,7,2017
201707,57,3,698509.12,23238,226656.7253,7,2017
201707,57,4,1481414.55,24990,556610.6454,7,2017
201707,57,1,1783859.32,23680,763659.09,7,2017
201707,57,36,46699.43,351,12197.4305,7,2017
201707,57,8,244070.47,5704,119905.947,7,2017
201707,57,7,2061741.06,31204,728512.3153,7,2017
201707,57,2,781212.05,13986,316053.9571,7,2017
201708,57,4,1695389.33,23091,701283.3956,8,2017
201708,57,5,121806.97,4487,45858.5145,8,2017
201708,57,2,632771.61,10273,275317.3767,8,2017
201708,57,1,1948112.38,24979,938850.8865,8,2017
201708,57,36,53008.76,383,13776.1674,8,2017
201708,57,50,0,3,-20.85,8,2017
201708,57,7,1450811.64,23118,574610.0906,8,2017
201708,57,3,449595.29,14910,152580.1754,8,2017
201708,57,8,212883.93,4752,111904.7061,8,2017
201708,57,35,197.45,11,25.6685,8,2017
201709,57,4,1894104.13,28380,774642.5515,9,2017
201709,57,2,885720.6,15653,272800.8945,9,2017
201709,57,36,57586.76,400,15624.1846,9,2017
201709,57,50,0.11,10,-69.39,9,2017
201709,57,3,260429.1,10590,100276.8394,9,2017
201709,57,8,372358.6,9303,168992.6446,9,2017
201709,57,35,732.3,20,95.199,9,2017
201709,57,7,1416533.35,23871,585718.9257,9,2017
201709,57,5,190779.47,8492,47248.2239,9,2017
201709,57,1,1827604.1,26075,842275.8155,9,2017
201710,57,2,1052936.79,18034,402731.9014,10,2017
201710,57,4,1958472.75,31506,865178.2541,10,2017
201710,57,1,1923171.71,27998,898364.3469,10,2017
201710,57,5,207959.27,9006,67174.4453,10,2017
201710,57,35,718.85,27,93.4505,10,2017
201710,57,36,54250.35,395,14575.3325,10,2017
201710,57,8,253195,6108,116911.8215,10,2017
201710,57,50,180,9,90.99,10,2017
201710,57,7,1581270.32,23164,618243.0489,10,2017
201710,57,3,304053.34,10973,120655.1976,10,2017
201711,57,2,1622646.31,28150,648590.5996,11,2017
201711,57,36,65337.01,465,18034.0125,11,2017
201711,57,1,2182562.57,35620,983340.3512,11,2017
201711,57,8,270204.41,7579,132941.9521,11,2017
201711,57,3,249261.7,9756,96393.8388,11,2017
201711,57,7,2125286.8,31660,768552.1811,11,2017
201711,57,5,238297.2,10081,89338.8512,11,2017
201711,57,35,263.45,10,34.2485,11,2017
201711,57,4,3043169.38,51062,1254167.18,11,2017
201712,57,50,1020,72,395.28,12,2017
201712,57,1,2183723.52,36104,977403.7822,12,2017
201712,57,8,291594.65,8320,126675.5176,12,2017
201712,57,36,52586.99,428,14423.3659,12,2017
201712,57,4,2680616.38,46222,1139061.006,12,2017
201712,57,5,227981.22,9542,87117.0288,12,2017
201712,57,3,278426.05,9456,105572.4562,12,2017
201712,57,35,378.25,12,49.1725,12,2017
201712,57,2,1429835.81,25199,583462.1515,12,2017
201712,57,7,2389570.93,36187,869421.6036,12,2017
201713,57,3,393368.65,12292,151823.9945,13,2017
201713,57,5,332459.33,15470,120210.6551,13,2017
201713,57,35,441.1,20,57.343,13,2017
201713,57,8,446986.38,12695,176643.5263,13,2017
201713,57,4,3506431.11,64251,1421846.156,13,2017
201713,57,7,2730684.14,44529,964958.4799,13,2017
201713,57,50,880.55,403,-1611.68,13,2017
201713,57,36,67770.17,642,18330.1563,13,2017
201713,57,2,1914235.04,37011,729706.0356,13,2017
201713,57,1,3188259.59,60518,1212197.713,13,2017
201714,57,7,1611064.01,23575,621708.2835,14,2017
201714,57,5,136213.09,5263,51217.5428,14,2017
201714,57,4,1697108.55,23382,786335.1833,14,2017
201714,57,8,393228.8,7362,196482.3691,14,2017
201714,57,36,51693.93,479,13821.6057,14,2017
201714,57,50,400,33,127.71,14,2017
201714,57,35,175.25,7,22.7825,14,2017
201714,57,2,745709.77,11375,316623.9113,14,2017
201714,57,3,240081.92,7251,85795.5994,14,2017
201714,57,1,1866854.29,25974,829900.557,14,2017
201715,57,2,1837662.35,17842,764450.257,15,2017
201715,57,7,2736128.45,33530,1113912.269,15,2017
201715,57,4,1960160.33,23133,881867.0023,15,2017
201715,57,36,36398.22,309,9678.3664,15,2017
201715,57,50,640.15,34,312.21,15,2017
201715,57,3,282099.05,8039,95538.1954,15,2017
201715,57,8,167810.23,3528,81921.1449,15,2017
201715,57,35,165,8,21.45,15,2017
201715,57,5,136807.2,5342,50363.7589,15,2017
201715,57,1,1980549.73,36457,822430.6712,15,2017
201716,57,4,2104190.71,26400,864056.7405,16,2017
201716,57,7,2055704.68,32171,852100.4247,16,2017
201716,57,35,377.5,16,49.075,16,2017
201716,57,8,167733.62,3382,87164.8506,16,2017
201716,57,3,280864.99,7470,100174.2029,16,2017
201716,57,36,43532.03,365,11467.8373,16,2017
201716,57,50,600,30,303.3,16,2017
201716,57,1,2066741.04,31957,895714.5006,16,2017
201716,57,2,906921.69,13523,367999.6814,16,2017
201716,57,5,140878.94,6057,49819.8189,16,2017
201717,57,4,1756193.9,27647,744941.3225,17,2017
201717,57,5,215047.13,9337,67311.3201,17,2017
201717,57,7,1579080.94,25087,625239.7559,17,2017
201717,57,50,540,27,272.97,17,2017
201717,57,1,1736272.61,25052,775312.8142,17,2017
201717,57,8,202813.49,4268,109270.4978,17,2017
201717,57,2,1032832.17,16780,405057.9858,17,2017
201717,57,3,192019.17,6120,73624.6353,17,2017
201717,57,35,282.5,10,36.725,17,2017
201717,57,36,60859.92,432,15771.385,17,2017
201718,57,3,258707.51,11570,97319.4887,18,2017
201718,57,36,67024.09,426,17651.1571,18,2017
201718,57,8,233188.16,5174,127496.2813,18,2017
201718,57,50,835.6,570,-1632.86,18,2017
201718,57,2,959354.17,16329,392351.4517,18,2017
201718,57,7,1187311.68,17518,514055.9459,18,2017
201718,57,35,376.45,9,48.9385,18,2017
201718,57,1,2216710.18,36685,950818.9707,18,2017
201718,57,4,1635655.09,25642,668241.0813,18,2017
201718,57,5,187347.85,7146,60819.369,18,2017
201719,57,2,1369812.63,27087,478519.0471,19,2017
201719,57,8,287513.07,7065,154209.842,19,2017
201719,57,1,1985396.85,34682,772754.2599,19,2017
201719,57,50,900,74,251.15,19,2017
201719,57,3,332113.27,12869,121005.9666,19,2017
201719,57,4,1653037.73,26541,687486.1204,19,2017
201719,57,36,66535.22,493,17249.1409,19,2017
201719,57,5,249044.49,12186,69285.2461,19,2017
201719,57,35,434,13,56.42,19,2017
201719,57,7,1393592.7,21523,533953.8183,19,2017
201720,57,36,38375.86,354,9909.0482,20,2017
201720,57,1,1548208.02,29203,586928.3151,20,2017
201720,57,8,237847.21,6331,121750.5989,20,2017
201720,57,50,960,134,-39.76,20,2017
201720,57,7,1738195.14,26021,685587.0442,20,2017
201720,57,2,1983024.55,64485,660329.0276,20,2017
201720,57,5,228394.51,11943,61232.2668,20,2017
201720,57,35,421.5,16,54.795,20,2017
201720,57,3,331067.42,11264,117437.6614,20,2017
201720,57,4,2067958.81,32768,688657.2575,20,2017
201721,57,50,510.63,65,11.93,21,2017
201721,57,36,55240.3,396,14706.5414,21,2017
201721,57,7,1229948.95,18136,515405.3011,21,2017
201721,57,3,229198.93,7042,77971.5057,21,2017
201721,57,35,191.9,6,24.947,21,2017
201721,57,8,254183.87,5994,127743.3044,21,2017
201721,57,4,2534258.69,42205,888400.5025,21,2017
201721,57,5,135738.93,6482,44513.6169,21,2017
201721,57,2,2175729.36,51712,679705.4001,21,2017
201721,57,1,1681442.21,25457,678814.0769,21,2017
201722,57,7,1495496.64,22383,589448.264,22,2017
201722,57,5,160503.78,8047,45385.8114,22,2017
201722,57,1,2249510.65,38959,740889.9393,22,2017
201722,57,4,1851768.85,32078,592302.5399,22,2017
201722,57,2,1048532.29,21459,334965.9341,22,2017
201722,57,50,480,34,153.04,22,2017
201722,57,36,64300.45,562,16348.2855,22,2017
201722,57,8,335068.84,9334,153955.1986,22,2017
201722,57,3,234776.21,7402,86571.9965,22,2017
201722,57,35,396.11,11,51.4943,22,2017
201723,57,50,210.11,37,-48.87,23,2017
201723,57,36,57791.02,548,14431.3482,23,2017
201723,57,8,255952.82,7504,106053.2419,23,2017
201723,57,3,262072.97,7329,97173.5829,23,2017
201723,57,7,1672093.57,24427,622072.6431,23,2017
201723,57,35,146,7,18.98,23,2017
201723,57,2,991154.33,21902,310303.6646,23,2017
201723,57,4,1427139.46,27146,480399.1595,23,2017
201723,57,1,1771644.86,30763,682622.6067,23,2017
201723,57,5,196878.92,9253,50472.6165,23,2017
201724,57,35,307,10,39.91,24,2017
201724,57,5,161157.87,7848,46954.0241,24,2017
201724,57,4,1783515.52,35071,570230.7822,24,2017
201724,57,2,922770.9,19019,321959.1784,24,2017
201724,57,36,39450.31,361,10468.2709,24,2017
201724,57,50,630.11,59,125.65,24,2017
201724,57,8,270298.88,8362,99426.8677,24,2017
201724,57,1,2598663.48,56074,793275.4664,24,2017
201724,57,3,273667.74,7552,98653.9363,24,2017
201724,57,7,1695683.06,25964,699435.9735,24,2017
201725,57,4,1411477.58,28944,472202.2321,25,2017
201725,57,5,134251.36,6333,40526.9689,25,2017
201725,57,35,112,3,14.56,25,2017
201725,57,3,180537.97,8703,65091.5944,25,2017
201725,57,7,1324918.79,21571,529187.1927,25,2017
201725,57,2,731034.82,16442,251844.4034,25,2017
201725,57,36,50471.9,483,13809.154,25,2017
201725,57,50,540.22,58,68.9,25,2017
201725,57,1,1721412.12,35010,577786.5778,25,2017
201725,57,8,177325.56,4292,78865.6105,25,2017
201726,57,7,1329043.05,21296,554665.5457,26,2017
201726,57,1,1840633.04,40892,599340.027,26,2017
201726,57,8,231057.84,5480,107757.2776,26,2017
201726,57,50,690,71,124.01,26,2017
201726,57,36,53330.02,548,14573.1278,26,2017
201726,57,2,754202.96,16520,258168.7123,26,2017
201726,57,3,236098.24,9106,86729.2,26,2017
201726,57,5,156597.68,7599,47012.5861,26,2017
201726,57,35,636,18,82.68,26,2017
201726,57,4,2025327.37,45130,422103.5243,26,2017
201727,57,3,284182.24,7823,100458.1333,27,2017
201727,57,2,627957.51,14378,212662.5844,27,2017
201727,57,1,1409879.53,28087,491294.2903,27,2017
201727,57,5,183093.19,9318,45682.7752,27,2017
201727,57,7,1335414.81,21397,567723.1194,27,2017
201727,57,8,175581.98,4743,89653.0842,27,2017
201727,57,36,52152.41,508,14040.5957,27,2017
201727,57,35,525.95,11,68.3735,27,2017
201727,57,50,405.15,237,-761.31,27,2017
201727,57,4,1163880.2,23524,336464.8858,27,2017
201728,57,5,204924.12,9777,54570.8601,28,2017
201728,57,2,694312.23,16482,219930.0938,28,2017
201728,57,1,1672127.84,35210,556659.5622,28,2017
201728,57,7,1629057.05,25384,665122.7473,28,2017
201728,57,4,1644840.52,39447,325235.2792,28,2017
201728,57,8,214288.31,6124,99582.1102,28,2017
201728,57,36,48943.79,547,13170.2283,28,2017
201728,57,3,412416.09,12050,151393.3827,28,2017
201728,57,50,900.48,1293,-6625.71,28,2017
201728,57,35,613,38,79.69,28,2017
201729,57,1,1933061.62,42837,554757.5103,29,2017
201729,57,8,166903.84,4011,74364.1794,29,2017
201729,57,2,733972.59,17385,238114.4952,29,2017
201729,57,5,165268.97,7421,56005.5822,29,2017
201729,57,4,1568714.42,30148,530996.1182,29,2017
201729,57,3,193212.58,4881,75227.0824,29,2017
201729,57,7,1079120.88,17547,444544.3502,29,2017
201729,57,50,676.22,68,102.88,29,2017
201729,57,35,263,6,34.19,29,2017
201729,57,36,49548.1,472,13845.9023,29,2017
201730,57,36,72444.15,624,30623.8109,30,2017
201730,57,50,585.44,60,83.87,30,2017
201730,57,1,1532471.2,23758,594317.8786,30,2017
201730,57,8,248226.16,6942,66839.3952,30,2017
201730,57,2,1148643.9,27400,325078.7205,30,2017
201730,57,35,145.4,11,18.902,30,2017
201730,57,3,187424.94,4300,71910.764,30,2017
201730,57,7,1752301.61,32580,702145.292,30,2017
201730,57,4,1425084.17,26696,470207.1506,30,2017
201730,57,5,266996.7,12913,101782.9045,30,2017
201731,57,8,172434.29,4121,83109.9193,31,2017
201731,57,35,492.95,23,64.0835,31,2017
201731,57,50,765,66,181.62,31,2017
201731,57,1,1514996.18,28051,568819.1706,31,2017
201731,57,5,249289.36,10866,80575.6068,31,2017
201731,57,4,1051926.5,21077,391903.4451,31,2017
201731,57,3,242890.36,7222,82769.6663,31,2017
201731,57,36,69426.25,574,30907.105,31,2017
201731,57,7,896565.88,13530,397659.5051,31,2017
201731,57,2,704906.27,14557,254168.2476,31,2017
201732,57,5,290222.87,13504,89541.409,32,2017
201732,57,35,422.95,35,54.9835,32,2017
201732,57,7,1278091.73,21421,510340.0699,32,2017
201732,57,2,1381711.06,30225,416869.7181,32,2017
201732,57,1,2214403.12,41774,631225.1112,32,2017
201732,57,8,259165.57,7784,110105.3763,32,2017
201732,57,50,1065,75,341.85,32,2017
201732,57,36,96074.26,822,37753.5808,32,2017
201732,57,3,291820.84,8333,103816.4732,32,2017
201732,57,4,1780174.2,34012,579043.4338,32,2017
201733,57,35,883.6,42,114.868,33,2017
201733,57,5,537321.22,21615,173819.0862,33,2017
201733,57,3,705580.62,24499,234813.3562,33,2017
201733,57,4,2436665.71,37807,863253.4453,33,2017
201733,57,2,1074244.25,19701,396525.5251,33,2017
201733,57,1,2376867.62,37420,870550.2795,33,2017
201733,57,8,278427.59,6603,135075.9139,33,2017
201733,57,36,74668.2,676,32484.0841,33,2017
201733,57,7,2226589.43,34504,777190.7114,33,2017
201734,57,4,1735625.9,26876,741995.5633,34,2017
201734,57,5,218987.57,6945,83669.9417,34,2017
201734,57,2,895489.04,16139,337116.5901,34,2017
201734,57,1,1693516.06,24752,670209.9562,34,2017
201734,57,50,495,35,158.15,34,2017
201734,57,8,227602.81,4251,112245.9037,34,2017
201734,57,36,48356.87,397,19750.4716,34,2017
201734,57,7,1685267.93,25405,625617.0131,34,2017
201734,57,3,327144.48,10372,116909.7246,34,2017
201734,57,35,612.9,29,79.677,34,2017
201735,57,4,1691444.84,26828,719213.9338,35,2017
201735,57,2,1030348.23,18005,392774.4952,35,2017
201735,57,50,-3.75,0,-3.75,35,2017
201735,57,3,255936.32,10804,98226.8647,35,2017
201735,57,36,56958.68,439,21338.4312,35,2017
201735,57,8,254999.46,5321,125042.6116,35,2017
201735,57,7,1281359.69,21208,517923.4067,35,2017
201735,57,35,370.35,23,48.1455,35,2017
201735,57,5,233675.5,7430,89462.8334,35,2017
201735,57,1,2272175.36,35930,885873.4498,35,2017
201736,57,2,879395.7,16013,332229.9982,36,2017
201736,57,4,1607546.84,24524,758000.8713,36,2017
201736,57,1,1970803.04,29102,853070.3037,36,2017
201736,57,5,198760.91,5866,83476.7769,36,2017
201736,57,36,50260.26,383,18266.9645,36,2017
201736,57,50,0.26,84,-290.32,36,2017
201736,57,7,1396640.99,23797,521467.7568,36,2017
201736,57,8,248218.48,5957,135961.9541,36,2017
201736,57,35,324.5,12,42.185,36,2017
201736,57,3,277784.08,14620,108422.6199,36,2017
201737,57,2,933366.36,17638,403407.824,37,2017
201737,57,36,53465.49,442,17455.4505,37,2017
201737,57,8,622386.25,12978,295352.766,37,2017
201737,57,1,2520718.54,43227,1042326.701,37,2017
201737,57,7,2108727.86,27520,740945.7456,37,2017
201737,57,50,0.4,856,-2792.8,37,2017
201737,57,3,397877.34,20456,148019.4438,37,2017
201737,57,35,633.3,25,82.329,37,2017
201737,57,5,351824.79,12272,131467.7126,37,2017
201737,57,4,2391452.9,37781,1076521.072,37,2017
201738,57,1,3483571.83,53697,1534631.738,38,2017
201738,57,36,65093.12,451,19579.8303,38,2017
201738,57,50,0.29,23,-95.66,38,2017
201738,57,8,474685.8,12570,213448.7378,38,2017
201738,57,5,487550,17098,191721.6978,38,2017
201738,57,4,4129472.09,64829,1827599.771,38,2017
201738,57,35,1078.25,41,140.1725,38,2017
201738,57,3,370360.63,16298,141636.6186,38,2017
201738,57,7,2490560.09,37667,926774.0925,38,2017
201738,57,2,2062542.75,37301,850451.7838,38,2017
201739,57,3,390258.84,18406,145483.0444,39,2017
201739,57,5,494162.76,15900,197548.8787,39,2017
201739,57,35,934.23,46,121.4499,39,2017
201739,57,4,3307558.49,49575,1473963.524,39,2017
201739,57,7,2765196.41,38657,1030629.059,39,2017
201739,57,8,474903.15,15154,153729.7187,39,2017
201739,57,36,76418.04,525,32030.6208,39,2017
201739,57,1,3057322.45,42884,1331736.271,39,2017
201739,57,50,0.01,1,-2.02,39,2017
201739,57,2,1934357.89,31580,832859.8866,39,2017
201740,57,7,2995702.36,49033,1098131.125,40,2017
201740,57,8,442980.77,12012,197652.9689,40,2017
201740,57,50,0.11,1,-6.06,40,2017
201740,57,36,97416.05,768,49188.0249,40,2017
201740,57,35,843.73,39,109.6849,40,2017
201740,57,4,3112503.9,48696,1358022.855,40,2017
201740,57,3,359691.44,17136,134814.9577,40,2017
201740,57,2,1994393.02,34977,813563.1259,40,2017
201740,57,1,3234376.47,52071,1263342.939,40,2017
201740,57,5,517501.88,18445,202823.2131,40,2017
201741,57,2,1691928.7,29049,687410.6823,41,2017
201741,57,50,0,296,-1639.84,41,2017
201741,57,4,4102628.23,70137,1630490.302,41,2017
201741,57,3,483405.94,21375,173705.0953,41,2017
201741,57,36,111655.51,931,59053.3258,41,2017
201741,57,35,1012.59,43,131.6367,41,2017
201741,57,8,366549.51,10516,177879.9187,41,2017
201741,57,5,584105.16,20841,184975.6707,41,2017
201741,57,1,3702130.15,53191,1412918.102,41,2017
201742,57,5,493267.11,18671,176190.7747,42,2017
201742,57,4,3155086.22,54793,1304552.469,42,2017
201742,57,7,4130835.05,56373,1364974.107,42,2017
201742,57,35,1053.18,46,136.9134,42,2017
201742,57,3,662754.49,27771,218042.9764,42,2017
201742,57,50,0.08,376,-2082.96,42,2017
201742,57,36,129520.68,1039,66031.8173,42,2017
201742,57,8,485602.36,12499,255233.9882,42,2017
201743,57,4,3400923.62,52521,1460695.643,43,2017
201743,57,5,638326.98,20296,224462.8952,43,2017
201743,57,1,3986042.09,50789,1659936.844,43,2017
201743,57,50,0.04,725,-4714.46,43,2017
201743,57,36,119857.17,790,52550.2032,43,2017
201743,57,8,594570.82,15700,339176.5205,43,2017
201743,57,35,1227.4,60,159.562,43,2017
201743,57,3,660805.67,24020,220694.1051,43,2017
201744,57,35,2276,118,295.88,44,2017
201744,57,50,0.06,178,-1159.06,44,2017
201745,57,8,603079.48,17802,329599.932,45,2017
201745,57,1,2830605.83,45082,1090663.836,45,2017
201745,57,36,139751.51,1285,79881.5893,45,2017
201745,57,4,4506851.18,58138,1749907.497,45,2017
201745,57,5,644341.24,25144,206685.6513,45,2017
201745,57,35,3243.1,149,421.603,45,2017
201745,57,50,0.29,19,-173.85,45,2017
201745,57,2,2612161.96,54886,1009676.701,45,2017
201746,57,8,500221.62,17582,259675.2669,46,2017
201746,57,50,0.33,5,-32.37,46,2017
201746,57,1,2166101.15,32861,800925.3706,46,2017
201746,57,36,97821.68,810,53363.3421,46,2017
201746,57,7,3144366.32,51314,1110297.11,46,2017
201746,57,5,583461.94,23497,192530.2812,46,2017
201746,57,3,568027.12,20746,209205.6038,46,2017
201747,57,50,0.76,441,-2907.11,47,2017
201747,57,8,656892.77,22883,315632.8954,47,2017
201747,57,1,2672418.93,35530,997487.9519,47,2017
201747,57,36,134332.75,957,60120.0993,47,2017
201747,57,5,549828.86,21039,167227.8115,47,2017
201747,57,4,3233016.58,51272,1298270.412,47,2017
201747,57,2,3091063.13,76065,1167790.265,47,2017
201748,57,7,3202403.1,50000,1024366.222,48,2017
201748,57,5,454074.53,23908,79190.1828,48,2017
201748,57,4,3663489.12,78833,833448.2866,48,2017
201748,57,2,3198401.98,66135,918077.3333,48,2017
201748,57,50,0.05,1496,-8903.81,48,2017
201748,57,3,712761.24,42960,189728.918,48,2017
201748,57,8,399720.05,12682,169148.3764,48,2017
201749,57,7,2019699.98,32408,746805.4702,49,2017
201749,57,36,138484.61,1103,73587.0515,49,2017
201749,57,8,276272.55,9125,78682.6854,49,2017
201749,57,50,0.02,7,-43.64,49,2017
201749,57,35,3019.33,192,392.5129,49,2017
201749,57,3,223486.08,11559,78732.6837,49,2017
201749,57,2,1356314.46,31813,435020.9407,49,2017
201749,57,4,1512223.8,31824,561286.9296,49,2017
201749,57,1,2441728.62,48682,590176.6616,49,2017
201749,57,5,277154.08,12668,70345.5142,49,2017
201750,57,35,1408.89,99,183.1557,50,2017
201750,57,4,1339610.97,30133,480665.7616,50,2017
201750,57,5,198392.52,9049,46840.2463,50,2017
201750,57,1,1620790.95,28477,492856.1014,50,2017
201750,57,2,791879.91,17720,253477.7728,50,2017
201750,57,8,198652.78,6375,52369.1019,50,2017
201750,57,50,0,2,-13.2,50,2017
201750,57,36,114957.26,902,56455.2053,50,2017
201750,57,3,210918.12,12019,79047.1491,50,2017
201750,57,7,1391469.78,22276,582395.362,50,2017
201751,57,5,185686.16,8350,45718.897,51,2017
201751,57,4,1613203.7,34098,394415.6867,51,2017
201751,57,35,420.56,30,54.6728,51,2017
201751,57,3,223790.22,11891,83995.9247,51,2017
201751,57,2,864953.44,19943,244735.2438,51,2017
201751,57,7,1053686.69,19363,416533.9194,51,2017
201751,57,36,89981.96,713,44504.9493,51,2017
201751,57,8,195451.04,5527,79948.7507,51,2017
201751,57,50,0,1,-6.6,51,2017
201751,57,1,1505260.09,24722,537893.1159,51,2017
201752,57,7,1338907.02,22839,495366.9203,52,2017
201752,57,1,1432800.17,21346,530012.8925,52,2017
201752,57,50,0,4,-26.4,52,2017
201752,57,8,212645.74,6604,80320.6058,52,2017
201752,57,36,99743.03,791,46764.7598,52,2017
201752,57,2,716733.28,14697,236427.3001,52,2017
201752,57,5,151362.46,6705,40572.5674,52,2017
201752,57,3,192126.68,8634,73401.0636,52,2017
201752,57,35,463.11,23,60.2043,52,2017
201752,57,4,1190102.45,23953,376899.9554,52,2017
201753,57,3,218141.24,10404,81782.9769,53,2017
201753,57,1,1691419.77,25584,532208.5816,53,2017
201753,57,5,166807.14,6132,54609.8,53,2017
201753,57,2,741371.19,14048,263566.2774,53,2017
201753,57,7,1157074.66,19431,450006.4597,53,2017
201753,57,35,1371.32,84,178.2716,53,2017
201753,57,36,139687.59,1307,65415,53,2017
201753,57,8,291171.32,8755,128755.5099,53,2017
201753,57,4,1890256.87,37274,222549.3735,53,2017
201801,57,7,1010729.01,15405,400815.3359,1,2018
201801,57,35,1267.75,59,164.8075,1,2018
201801,57,8,400069.28,12517,188725.7877,1,2018
201801,57,3,263170.68,15741,99175.17,1,2018
201801,57,36,140864.2,1142,61647.2763,1,2018
201801,57,4,1889867.12,38601,392215.736,1,2018
201801,57,2,802677.65,14459,306339.2912,1,2018
201801,57,5,244752.44,11010,51007.903,1,2018
201801,57,1,1941520.76,28771,656291.8108,1,2018
201802,57,35,893.64,48,116.1732,2,2018
201802,57,4,1394934.48,25166,528469.9679,2,2018
201802,57,1,1673968.5,23277,633595.1994,2,2018
201802,57,5,239901.87,9874,60464.0945,2,2018
201802,57,2,927266.95,18660,269207.457,2,2018
201802,57,3,301734.6,15305,111817.4963,2,2018
201802,57,36,167149.19,1414,76736.4741,2,2018
201802,57,8,410988.91,11566,198660.2769,2,2018
201802,57,7,1215561.38,21199,476762.9237,2,2018
201803,57,35,987.01,51,128.3113,3,2018
201803,57,5,251546.35,12094,50736.5096,3,2018
201803,57,7,1221375.46,21089,447421.9745,3,2018
201803,57,3,347864.63,21745,130341.2271,3,2018
201803,57,2,922348.39,19496,235749.8993,3,2018
201803,57,50,0.33,3,-16.99,3,2018
201803,57,36,110464.3,999,46122.827,3,2018
201803,57,1,1802451.18,29067,548063.6991,3,2018
201803,57,8,343806.49,8561,159612.3841,3,2018
201803,57,4,1043356.89,20759,408537.8365,3,2018
201804,57,4,1457047.38,29008,531597.2662,4,2018
201804,57,35,923.47,47,120.0511,4,2018
201804,57,5,256745.93,13023,46046.2073,4,2018
201804,57,3,228688.64,10180,87928.501,4,2018
201804,57,1,2483076.23,38954,781921.3116,4,2018
201804,57,8,336545.93,10656,151430.3608,4,2018
201804,57,36,142279.63,1273,69276.4854,4,2018
201804,57,7,1094663.45,20634,423474.6223,4,2018
201804,57,2,1084723.67,24594,234641.0254,4,2018
201805,57,3,424687.11,12104,155373.7668,5,2018
201805,57,5,279191.68,10560,91406.331,5,2018
201805,57,1,2115757.29,31301,777195.9098,5,2018
201805,57,2,726732.91,13766,270861.2451,5,2018
201805,57,7,1392623.43,23454,547086.1221,5,2018
201805,57,36,109550.7,805,57826.5363,5,2018
201805,57,35,748.47,34,97.3011,5,2018
201805,57,8,219774.93,5933,106907.0383,5,2018
201805,57,4,1195775.07,21837,521736.2081,5,2018
201806,57,1,2568873.29,37266,901758.4845,6,2018
201806,57,7,2186617.05,33714,743644.6494,6,2018
201806,57,5,274305.94,9357,78178.6514,6,2018
201806,57,3,448638.01,16136,164827.7332,6,2018
201806,57,2,963517.48,17793,333304.4737,6,2018
201806,57,36,158196.4,1210,82848.4356,6,2018
201806,57,8,250984.11,5830,121153.1904,6,2018
201806,57,4,1647179.06,28108,621694.803,6,2018
201806,57,35,790.27,44,102.7351,6,2018
201807,57,2,1653746.14,30283,568460.9718,7,2018
201807,57,1,2993050.55,48739,1121039.099,7,2018
201807,57,5,307784.03,12747,95412.6374,7,2018
201807,57,7,1985579.88,37220,676274.8078,7,2018
201807,57,4,2195935.18,39856,794597.0441,7,2018
201807,57,8,284447.44,7618,131020.5609,7,2018
201807,57,3,637146.41,21953,211087.4961,7,2018
201807,57,36,161732.41,1328,77079.4896,7,2018
201807,57,35,1109.89,62,144.2857,7,2018
201808,57,35,458.29,32,59.5777,8,2018
201808,57,4,1585948.08,28007,565126.9051,8,2018
201808,57,8,341235.86,8485,150986.1211,8,2018
201808,57,5,212545.82,9649,46386.6756,8,2018
201808,57,36,131270.9,945,66503.3776,8,2018
201808,57,1,2347453.39,33970,1049482.895,8,2018
201808,57,2,978334.78,17871,332777.7955,8,2018
201808,57,3,341012.35,11112,114683.0917,8,2018
201808,57,7,1398028.39,29199,312499.0779,8,2018
201809,57,36,99466.57,656,48187.523,9,2018
201809,57,1,1962850.63,30196,811873.1338,9,2018
201809,57,8,300505.15,6732,90713.045,9,2018
201809,57,5,178076.4,6184,51037.8586,9,2018
201809,57,4,1986976.62,30076,793368.1723,9,2018
201809,57,2,778507.23,12777,317654.6528,9,2018
201809,57,35,570.58,22,74.1754,9,2018
201809,57,3,305815.32,9235,115237.0694,9,2018
201809,57,7,1006414.67,19875,259840.4438,9,2018
201810,57,7,1899352.3,28794,619873.4677,10,2018
201810,57,50,500,20,248,10,2018
201810,57,1,2331665.17,36942,1025896.522,10,2018
201810,57,36,109627.69,707,46064.656,10,2018
201810,57,8,237830.98,9172,70300.4703,10,2018
201810,57,35,279.85,9,36.3805,10,2018
201810,57,2,1133986.03,22047,429366.9959,10,2018
201810,57,3,313491.1,11947,111667.9894,10,2018
201810,57,5,197413.95,7312,76725.4555,10,2018
201810,57,4,2087278.76,37307,878514.4436,10,2018
201811,57,5,385301.71,15076,144361.6902,11,2018
201811,57,35,191.68,8,24.9184,11,2018
201811,57,4,3485036.57,69216,1460826.906,11,2018
201811,57,8,277290.27,8247,97237.4236,11,2018
201811,57,2,2245192.58,44783,862685.4159,11,2018
201811,57,36,199239.28,1331,78069.7778,11,2018
201811,57,3,432674.43,14055,139997.1312,11,2018
201811,57,1,3823874.67,66700,1647949.087,11,2018
201811,57,7,3036168.91,45309,1072867.366,11,2018
201812,57,5,289437.37,10912,112356.1762,12,2018
201812,57,35,252.07,14,32.7691,12,2018
201812,57,7,2117507.6,33426,742169.8971,12,2018
201812,57,36,162264.28,1273,65077.4493,12,2018
201812,57,8,209013.82,6231,95490.4033,12,2018
201812,57,2,1575307.85,30316,621970.5838,12,2018
201812,57,1,2633168.66,46803,1104413.788,12,2018
201812,57,50,450,30,156,12,2018
201812,57,3,231323.44,6588,83376.6869,12,2018
201812,57,4,2433850.66,46553,1039072.708,12,2018
201813,57,4,3291277.49,63680,1308398.942,13,2018
201813,57,5,335793.73,14063,126132.7773,13,2018
201813,57,3,234035.16,5133,88437.342,13,2018
201813,57,35,401.55,16,52.2015,13,2018
201813,57,8,284573.31,6740,136139.3851,13,2018
201813,57,36,183432.65,1619,81981.5186,13,2018
201813,57,7,2762223.63,48555,967616.1456,13,2018
201813,57,2,1898097.11,35561,727265.9521,13,2018
201813,57,1,3572202.76,65256,1425270.26,13,2018
201814,57,4,1806800.92,22043,791165.3409,14,2018
201814,57,2,1856702.02,19894,774957.1493,14,2018
201814,57,1,2191527.43,41375,857632.2273,14,2018
201814,57,5,165132.4,6239,64106.9044,14,2018
201814,57,7,1623726.46,22976,662983.4784,14,2018
201814,57,35,261.95,7,34.0535,14,2018
201814,57,8,272750.27,5725,127419.3891,14,2018
201814,57,3,263718.19,6496,95270.7663,14,2018
201814,57,50,0,0,0,14,2018
201814,57,36,107668.7,955,49736.7727,14,2018
201815,57,3,264949.69,7170,97100.3303,15,2018
201815,57,2,918006.09,16536,373868.5927,15,2018
201815,57,4,1484250.75,26105,643270.3687,15,2018
201815,57,50,100.11,5,37.11,15,2018
201815,57,36,143964.98,1041,65759.7161,15,2018
201815,57,8,294894.91,7580,136926.0676,15,2018
201815,57,35,284.55,15,36.9915,15,2018
201815,57,7,1768895.73,27881,683925.644,15,2018
201815,57,1,2760866.5,45167,1117613.214,15,2018
201815,57,5,233277.24,9429,83826.3297,15,2018
201816,57,2,1180314.38,21436,454084.7902,16,2018
201816,57,36,142293.92,1079,65614.4221,16,2018
201816,57,1,2169116.22,32987,878759.84,16,2018
201816,57,8,176749.47,4152,91268.0138,16,2018
201816,57,3,180641.45,4854,69843.6825,16,2018
201816,57,50,100,151,-357.2,16,2018
201816,57,4,1674590.73,26946,729327.7642,16,2018
201816,57,35,160.9,8,20.917,16,2018
201816,57,5,240976.44,10466,77921.5231,16,2018
201816,57,7,1699058.48,33068,656536.4351,16,2018
201817,57,1,2251074.24,34835,985370.2495,17,2018
201817,57,36,134671.8,978,64529.2808,17,2018
201817,57,8,178073.17,5162,86926.1726,17,2018
201817,57,50,50.22,251,-462.33,17,2018
201817,57,7,1863719.61,30366,643774.8175,17,2018
201817,57,2,1184549.09,22354,479618.9602,17,2018
201817,57,5,267764.68,8906,92555.6363,17,2018
201817,57,3,295587.51,10466,102568.3629,17,2018
201817,57,35,227.9,6,29.627,17,2018
201817,57,4,1705184.74,28959,743071.4174,17,2018
201818,57,7,1430007.39,23436,491422.4574,18,2018
201818,57,1,2267766.24,40431,911098.9819,18,2018
201818,57,8,256027.86,8437,106475.1963,18,2018
201818,57,50,50.52,1295,-7188.84,18,2018
201818,57,36,159309.71,1163,79013.7185,18,2018
201818,57,35,400.58,23,52.0754,18,2018
201818,57,4,1981654.76,36789,771456.5599,18,2018
201818,57,3,584931.44,15433,185241.1486,18,2018
201818,57,5,241419.66,9886,82850.907,18,2018
201818,57,2,1799761.5,44922,609001.2242,18,2018
201819,57,3,333983.97,8012,118575.4643,19,2018
201819,57,2,2800479.23,78005,900158.3059,19,2018
201819,57,8,277996.43,7541,121897.2989,19,2018
201819,57,4,2995674.15,49490,1022335.586,19,2018
201819,57,36,131952.64,918,62956.8471,19,2018
201819,57,50,50.15,335,-1720.69,19,2018
201819,57,35,634.7,25,82.511,19,2018
201819,57,7,2301368.93,31991,862456.6708,19,2018
201819,57,5,366259.11,22124,60281.589,19,2018
201819,57,1,2214089.69,39570,750537.2322,19,2018
201820,57,4,1235589.22,24571,478750.9823,20,2018
201820,57,7,1478608.23,25412,571318.9711,20,2018
201820,57,3,179833.25,4718,69288.1101,20,2018
201820,57,35,675.05,55,87.7565,20,2018
201820,57,50,95,10,4.72,20,2018
201820,57,8,168194.07,4791,70675.2769,20,2018
201820,57,36,119713.2,881,57436.9996,20,2018
201820,57,2,940945.28,21085,351809.5821,20,2018
201820,57,1,1813714.01,33572,676212.9539,20,2018
201820,57,5,297193.38,15768,67576.9853,20,2018
201821,57,1,2013342.12,37173,770231.9439,21,2018
201821,57,8,227627.36,7092,93041.4404,21,2018
201821,57,2,1059280.51,22512,331051.9673,21,2018
201821,57,3,217679.44,6778,85078.4758,21,2018
201821,57,7,1642441.65,30699,646828.4737,21,2018
201821,57,50,315,21,50.4,21,2018
201821,57,36,159603.82,1286,72955.1947,21,2018
201821,57,5,245622.75,12745,58977.513,21,2018
201821,57,35,866.05,41,112.5865,21,2018
201821,57,4,1341999.92,27130,491699.3234,21,2018
201822,57,4,1142227.38,24566,415534.7791,22,2018
201822,57,35,767.76,36,99.8088,22,2018
201822,57,3,222672.54,7737,84746.8328,22,2018
201822,57,2,845037.38,18697,278215.8702,22,2018
201822,57,7,1493186.67,24659,550098.5945,22,2018
201822,57,36,129234.64,1131,53550.0148,22,2018
201822,57,8,221894.95,7233,97295.0724,22,2018
201822,57,50,15,1,2.4,22,2018
201822,57,1,1946383.07,39576,663691.7883,22,2018
201822,57,5,308619.57,20756,29474.1799,22,2018
201823,57,3,216927.57,6681,79356.7731,23,2018
201823,57,5,261239.82,14171,48761.9199,23,2018
201823,57,4,1402417.7,28719,491115.794,23,2018
201823,57,7,2113347.74,32740,729774.6929,23,2018
201823,57,50,135,9,21.6,23,2018
201823,57,8,161424.74,5421,76300.1536,23,2018
201823,57,36,113892.56,1067,50802.2797,23,2018
201823,57,1,2149838.44,49144,637285.7686,23,2018
201823,57,35,765.25,31,99.4825,23,2018
201823,57,2,1130750.06,22080,356616.4827,23,2018
201824,57,3,239589.32,6434,86223.0164,24,2018
201824,57,36,114593.45,1092,49998.7096,24,2018
201824,57,1,1609036.25,37557,468286.7705,24,2018
201824,57,7,1802643.07,29790,580249.2509,24,2018
201824,57,2,860844.52,19794,251955.1028,24,2018
201824,57,35,801.4,57,104.182,24,2018
201824,57,4,1286236.69,29488,444772.5216,24,2018
201824,57,5,226430.06,12241,43535.3086,24,2018
201824,57,50,175,11,36.4,24,2018
201824,57,8,168988.21,5723,78583.1791,24,2018
201825,57,1,1661351.4,37848,431150.8219,25,2018
201825,57,36,143741.3,1691,57703.8538,25,2018
201825,57,8,262955.88,6372,133937.6404,25,2018
201825,57,2,1152376.63,30484,203474.4357,25,2018
201825,57,50,210,14,33.6,25,2018
201825,57,3,227261.18,5596,82736.0258,25,2018
201825,57,4,1591571.73,33207,479236.4918,25,2018
201825,57,35,727.01,29,94.5113,25,2018
201825,57,5,223336.73,13596,42726.799,25,2018
201825,57,7,1347883.65,23112,480907.6967,25,2018
201826,57,36,116319.8,1349,49520.3054,26,2018
201826,57,50,240,17,32.8,26,2018
201826,57,7,1332737.31,20476,502395.9403,26,2018
201826,57,2,671864.45,15669,206528.5682,26,2018
201826,57,1,1967615.54,44747,467501.1744,26,2018
201826,57,5,186148.36,9483,44941.4111,26,2018
201826,57,4,1135228.59,24784,420925.3651,26,2018
201826,57,3,302543.54,9035,106170.2393,26,2018
201826,57,35,560.82,22,72.9066,26,2018
201826,57,8,163522.06,4369,73073.0869,26,2018
201827,57,7,1236795.04,20195,476562.1569,27,2018
201827,57,35,651.48,30,84.6924,27,2018
201827,57,8,140845.94,3694,68506.2637,27,2018
201827,57,50,165,11,26.4,27,2018
201827,57,3,362670.41,10345,130585.1572,27,2018
201827,57,36,73152.19,799,27959.2553,27,2018
201827,57,4,979948.01,22875,368775.5769,27,2018
201827,57,2,559564.06,12582,180563.1228,27,2018
201827,57,1,1014492.05,19267,393299.435,27,2018
201827,57,5,181926.49,7724,59434.2101,27,2018
201828,57,1,1405483.56,21863,582757.1158,28,2018
201828,57,5,190919.71,7689,66268.9614,28,2018
201828,57,3,215806.16,5410,86477.0597,28,2018
201828,57,2,575878.98,11554,206977.2719,28,2018
201828,57,4,996829.83,22230,414259.1332,28,2018
201828,57,8,172318.85,4628,81249.885,28,2018
201828,57,36,75732.71,579,37490.583,28,2018
201828,57,50,105.22,166,-939.32,28,2018
201828,57,35,378.8,26,49.244,28,2018
201828,57,7,1215239.67,23053,492224.5028,28,2018
201829,57,35,519.3,26,75.156,29,2018
201829,57,5,228806.66,8932,87028.8297,29,2018
201829,57,50,120.15,827,-4911.03,29,2018
201829,57,7,1628264.68,34440,654077.5683,29,2018
201829,57,2,751699.77,15917,262872.2489,29,2018
201829,57,1,1520518.64,27624,564740.3572,29,2018
201829,57,3,223429.48,5478,87161.8429,29,2018
201829,57,8,171029.6,4601,80521.4378,29,2018
201829,57,36,71304.18,698,32630.4397,29,2018
201829,57,4,1159475.57,22548,478958.4553,29,2018
201830,57,5,297206.05,13044,97899.8903,30,2018
201830,57,35,718.62,37,101.0676,30,2018
201830,57,4,1393839.38,26046,567583.7304,30,2018
201830,57,1,1415073.99,27142,539964.047,30,2018
201830,57,8,192133.77,6145,70854.1391,30,2018
201830,57,50,118.07,303,-1758.63,30,2018
201830,57,36,113948.04,1493,45762.593,30,2018
201830,57,3,202317.47,5572,77986.7503,30,2018
201830,57,7,1240270.94,21501,471328.3807,30,2018
201830,57,2,956321.4,21544,290556.6864,30,2018
201831,57,3,336867.55,10746,120015.1368,31,2018
201831,57,2,1418378.92,32358,405850.1943,31,2018
201831,57,5,313246.2,15695,81621.1805,31,2018
201831,57,50,192,19,-47.05,31,2018
201831,57,7,1505712.18,26490,565990.7349,31,2018
201831,57,1,2237911.81,48662,606162.6649,31,2018
201831,57,8,244097.41,9555,26067.6917,31,2018
201831,57,36,103467.45,1001,47001.2066,31,2018
201831,57,35,807,40,111.729,31,2018
201831,57,4,1853257.11,36810,672524.3076,31,2018
201832,57,7,2216194.3,34502,751521.1711,32,2018
201832,57,5,388832.33,16542,136810.7762,32,2018
201832,57,1,1779908.72,26968,734166.9143,32,2018
201832,57,3,625598.34,21820,206287.0386,32,2018
201832,57,2,968392.23,17684,352518.7247,32,2018
201832,57,35,1158.58,79,361.0954,32,2018
201832,57,8,190841.81,4407,94579.8096,32,2018
201832,57,36,49134.47,443,22727.2095,32,2018
201832,57,50,407.17,46,-139.18,32,2018
201832,57,4,1900244.08,31228,777032.8999,32,2018
201833,57,2,878051.11,17332,314867.5012,33,2018
201833,57,5,282898.4,8522,100137.1459,33,2018
201833,57,1,1713076.09,29632,694222.9673,33,2018
201833,57,7,1856458.47,28647,640305.6167,33,2018
201833,57,50,240,25,-68.42,33,2018
201833,57,4,1876497.85,33006,781039.0339,33,2018
201833,57,3,390839.93,13950,142304.3725,33,2018
201833,57,8,177003.33,5175,89320.5652,33,2018
201833,57,36,58414.3,418,27912.9101,33,2018
201833,57,35,1311.87,78,341.5101,33,2018
201834,57,35,930.88,45,274.1824,34,2018
201834,57,4,1617575.48,26186,747543.3322,34,2018
201834,57,5,268324.12,7886,104905.2496,34,2018
201834,57,1,1885693.35,28701,869098.6199,34,2018
201834,57,8,174205.87,4688,85168.9053,34,2018
201834,57,2,914275.35,15974,373255.0869,34,2018
201834,57,7,1318563.93,21476,512493.3922,34,2018
201834,57,50,294.11,30,-82.84,34,2018
201834,57,36,51762.15,320,22171.9029,34,2018
201834,57,3,283936.17,10405,104346.8938,34,2018
201835,57,50,122.13,394,-4253.64,35,2018
201835,57,1,1627719.34,23062,739456.8439,35,2018
201835,57,8,258204.23,6983,117917.7165,35,2018
201835,57,36,52886.49,289,26006.2137,35,2018
201835,57,5,266230.86,8704,107240.7048,35,2018
201835,57,4,1610831.67,22828,787940.6449,35,2018
201835,57,35,491.33,28,101.0879,35,2018
201835,57,2,738059.02,12428,331210.9492,35,2018
201835,57,3,423960.22,12479,145620.2616,35,2018
201835,57,7,1070372.65,16755,366530.9394,35,2018
201836,57,4,2393162.74,37928,1091493.09,36,2018
201836,57,3,422538.61,14917,148892.5338,36,2018
201836,57,5,401589,14761,157286.1458,36,2018
201836,57,7,2173845.51,33622,793975.5997,36,2018
201836,57,50,40.01,5,-21.45,36,2018
201836,57,8,524665.57,15316,244033.709,36,2018
201836,57,36,65865.71,438,29724.2912,36,2018
201836,57,1,2398902.12,38350,1087803.982,36,2018
201836,57,35,731.01,42,212.0493,36,2018
201836,57,2,1311895.72,23403,532366.2147,36,2018
201837,57,35,1069.61,56,318.3533,37,2018
201837,57,5,540080.46,17499,215375.9067,37,2018
201837,57,8,263391.04,10597,81626.1182,37,2018
201837,57,50,60.11,309,-1199.31,37,2018
201837,57,4,3689256.36,61737,1689851.238,37,2018
201837,57,3,310394,9962,119138.4334,37,2018
201837,57,36,56749.94,428,22913.7801,37,2018
201837,57,1,3765470.59,54253,1765198.303,37,2018
201837,57,7,2429123.77,39034,893289.7556,37,2018
201837,57,2,2353560.41,40815,937937.3766,37,2018
201838,57,35,657.5,41,199.4,38,2018
201838,57,5,471279.67,15260,183536.6614,38,2018
201838,57,7,2480815.52,37386,878793.9096,38,2018
201838,57,1,3159131.12,43786,1469358.013,38,2018
201838,57,2,2070597.71,34491,844951.4495,38,2018
201838,57,36,79208.33,472,33970.3513,38,2018
201838,57,50,10,1,-2.6,38,2018
201838,57,8,205288.01,8010,76284.0447,38,2018
201838,57,3,311711.69,7708,111745.8699,38,2018
201838,57,4,3178691.04,52132,1411879.075,38,2018
201839,57,4,4019153.09,70053,1672035.427,39,2018
201839,57,5,622888.94,23298,225959.2135,39,2018
201839,57,3,342156.7,8192,122786.5278,39,2018
201839,57,35,1705.49,115,537.9557,39,2018
201839,57,36,104806.34,645,46151.7457,39,2018
201839,57,8,282767.35,8464,131805.3505,39,2018
201839,57,1,4067167.91,62354,1795201.54,39,2018
201839,57,50,60.05,8,-23.35,39,2018
201839,57,2,2537307.53,47241,972429.3242,39,2018
201839,57,7,3462775.84,59757,1124378.81,39,2018
201840,57,4,3164953.83,51050,1288696.677,40,2018
201840,57,1,3816309.21,67375,1348544.289,40,2018
201840,57,5,536979.3,19757,196432.428,40,2018
201840,57,7,4127119.5,52341,1247949.915,40,2018
201840,57,2,1711974.85,29284,682757.5913,40,2018
201840,57,8,275688.34,9142,124946.5991,40,2018
201840,57,35,4279.49,298,1534.1357,40,2018
201840,57,36,60686.92,518,24348.271,40,2018
201840,57,3,439371.66,10398,148613.2383,40,2018
201840,57,50,410,42,-117.66,40,2018
201841,57,3,597593.87,14082,198374.144,41,2018
201841,57,2,2921647.84,38616,1204814.331,41,2018
201841,57,36,72547.1,593,27382.8335,41,2018
201841,57,4,4178872.14,60545,1766276.723,41,2018
201841,57,50,50,5,-13,41,2018
201841,57,35,5459.64,341,1707.6582,41,2018
201841,57,8,359449.28,11618,170932.3513,41,2018
201841,57,7,4594705.19,57222,1439932.74,41,2018
201841,57,5,660913.83,23575,249390.4181,41,2018
201842,57,3,639274.48,13156,209364.8693,42,2018
201842,57,8,415193.77,12089,224559.6673,42,2018
201842,57,4,3964488.22,52290,1766277.229,42,2018
201842,57,5,764142.14,27744,267714.2387,42,2018
201842,57,35,5882.4,342,1578.267,42,2018
201842,57,36,156491.24,787,87422.6069,42,2018
201842,57,50,60.72,603,-3690.35,42,2018
201843,57,36,195635.19,1013,105156.052,43,2018
201843,57,50,21,1410,-9372.28,43,2018
201844,57,50,20.55,274,-1545.9,44,2018
201844,57,1,2249661.68,35698,968145.0753,44,2018
201844,57,7,5008704.1,77451,1789428.444,44,2018
201844,57,36,62628.7,397,29021.4982,44,2018
201844,57,4,3094165.64,42781,1313296.173,44,2018
201844,57,3,635140.25,11277,224606.4882,44,2018
201844,57,5,687804.83,25829,217443.1732,44,2018
201844,57,2,3338036.21,66869,1185438.454,44,2018
201845,57,3,585952.23,11588,203891.9754,45,2018
201845,57,8,419175.27,13102,207905.3295,45,2018
201845,57,36,99056.05,485,54012.3628,45,2018
201845,57,4,3271019.42,52573,1382750.292,45,2018
201845,57,50,70.55,18,-75.71,45,2018
201845,57,7,2967814.57,47170,1026817.655,45,2018
201845,57,1,2034853.58,33630,811131.1339,45,2018
201845,57,5,644554.61,25712,196034.8713,45,2018
201845,57,2,3371666.97,102399,1289097.704,45,2018
201846,57,7,4507355.5,51143,1525534.049,46,2018
201846,57,4,2241604.95,34272,882301.6457,46,2018
201846,57,50,0.68,9,-60.55,46,2018
201846,57,36,142841.54,777,77928.5784,46,2018
201846,57,8,347709.63,13364,111920.4407,46,2018
201846,57,3,431052.77,11283,147184.9605,46,2018
201846,57,35,6712.36,490,2432.8032,46,2018
201846,57,2,2341144.42,69322,831569.9222,46,2018
201846,57,5,440742.45,17808,134688.6096,46,2018
201846,57,1,1581623.5,24067,642366.3786,46,2018
201847,57,1,3522634.91,68695,930835.4728,47,2018
201847,57,2,3046997.12,70706,739768.1892,47,2018
201847,57,7,3249455.16,53972,1111508.494,47,2018
201847,57,50,0.61,9,-57.99,47,2018
201847,57,8,345810.16,11826,127399.5626,47,2018
201847,57,3,596379.44,18723,151815.16,47,2018
201847,57,4,3157497.2,60451,996724.568,47,2018
201847,57,5,508733.28,25489,122283.049,47,2018
201848,57,4,874208.33,14223,367305.2999,48,2018
201848,57,35,2460.44,170,392.5722,48,2018
201848,57,3,140351.05,3845,43273.1677,48,2018
201848,57,2,586380.1,11062,222326.4142,48,2018
201848,57,7,1318862.48,19146,469812.4955,48,2018
201848,57,36,64726.97,377,33232.184,48,2018
201848,57,8,83099.16,2743,30124.081,48,2018
201848,57,1,709802.21,12552,248814.5784,48,2018
201848,57,5,151059.14,5565,43940.6982,48,2018
201849,57,7,43627.45,208,12277.8535,49,2018
201849,57,2,1104.89,21,395.2255,49,2018
201849,57,4,2036.74,12,776.6296,49,2018
201849,57,5,19794.44,118,4576.9403,49,2018
201850,57,2,68.6,1,15.1219,50,2018
201850,57,7,3331.49,15,726.3668,50,2018
201850,57,5,1677.52,12,324.7783,50,2018
201850,57,4,1656.39,27,754.8318,50,2018
201851,57,7,95,1,44.0249,51,2018
201852,57,7,1074.86,17,451.229,52,2018
201852,57,4,105,1,57,52,2018
201852,57,5,224.99,1,42.54,52,2018
201902,57,7,362.12,11,185.1573,2,2019
201903,57,7,48.98,2,30.427,3,2019
201905,57,7,66.29,1,31.0961,5,2019
201906,57,7,174.27,3,49.6848,6,2019
201907,57,7,218.86,11,106.4324,7,2019
201908,57,7,279,1,23.2344,8,2019
201909,57,7,237.73,3,116.4301,9,2019
201910,57,7,98.4,7,54.7587,10,2019
201911,57,7,270.36,5,76.5607,11,2019
201912,57,7,217.48,4,52.0309,12,2019
